# path	mode	source	branch-or-patch-directory	reference-head	base-commit	reference-tree
art	fork	factfinding/android_art	loongarch64/lineage-23.2	3a86cbe99ec8458ad86c883a7f7fc671cb5787b6	1690c6912a7972c9e62c39b48c706de9b8b18b4a	97f065a9b216ae6c86e3acf0a580d71cccb67969
bionic	fork	factfinding/android_bionic	loongarch64/lineage-23.2	b63ad31b8747c80becebcb63650c545989d0b816	7ad2441de12bf7b5dc0055e0a940583d80fe104b	d89c4d81d19459ef490119f88691c9e522c87617
build/make	fork	factfinding/android_build	loongarch64/lineage-23.2	a4b12a082348ea17dd4ef7b60c028dc17df49030	10a1fcb5ef113daeeeb36efecec789e473663843	a902d5de0235a1240b4e37b12d2e9fa3d3c3f9c5
build/soong	fork	factfinding/android_build_soong	loongarch64/lineage-23.2	e537174ed4d559b44bdb025ca408fc673252ec9d	4035bec90f84b583a1502b9a546c6117a28fdbe2	a2f9fed296d41b7bdfa3a4ede55f5861e0e461be
cts	patch	platform/cts	patches/cts	25f155958842d17824d08aa773b0778f4999bb8c	0d01543cbc74b7e7f311cc29fe854dda968881cb	c05e5a7a85a46c1f082b32946d0a4c999d3c2282
device/waydroid/waydroid	fork	factfinding/android_device_waydroid_waydroid	loongarch64/lineage-23.2	6d6a520292cb17156a4744450fd2c4fb8c980ab0	a55af0dcd8ef43ab2c05e2f56ce2732ce87cbb63	e55c54735f3c8e9c663ad89f579053a4d725c369
external/abseil-cpp	patch	platform/external/abseil-cpp	patches/external__abseil-cpp	78ef95c503e00e1c941562849f9ed4964c0c04cc	2bf8472a92b84fe4617eeb50053e7a942edcb1b3	6294b50fd99d27eb51c4ba6a51843eb65afeffb9
external/aac	patch	platform/external/aac	patches/external__aac	fd89fd7619a606c355627a9552c8eb61182cad87	7065817d7628fe9608ba4dfac48f0107cd265a1d	5645e28137c48e0f0dfc20262af7b9402086718c
external/alsa-lib	fork	factfinding/android_external_alsa-lib	loongarch64/lineage-23.2	9644991341d54c780237a46ae96cedf374fd0492	ca11262cf42c60611635c66253bbf1b41a52c77f	f897b81ecde2d66c39a2b312fde1e26d653eff52
external/angle	patch	platform/external/angle	patches/external__angle	e754e62d729a7d3dc5242fcdf7db6ed359ec7e22	ff25cbdfe963e149e1a1ef4689e502270dfe6214	fe56a9f90fca83e8ae13a0fb099c37f60ff9e077
external/arm-optimized-routines	patch	platform/external/arm-optimized-routines	patches/external__arm-optimized-routines	9cac99a3140895c1e718ef4577775e76bc73518a	1a2b3aeae89d8d89155305e22cec96fc1028081c	49d0a3fc6dd3e4d0391c229eca7239d6fa1f41c3
external/armnn	patch	platform/external/armnn	patches/external__armnn	b2176b09add599c7f9c2126122934b4ea60310ed	4cf966a4f7472ac86a2d06a83732d22d898325bb	201c19478e9e04811d1479cef290ca6bf024bf5c
external/boringssl	patch	platform/external/boringssl	patches/external__boringssl	6fb9d5f11464dce048da4c93cfc7e53a7b02f02b	1e3b727981831886a0910cd9e82d5bbee4cc7029	e4cb9bb19c73e42716c00ec3c16d76ec4e6b1ef3
external/chromium-webview/patches	fork	factfinding/android_external_chromium-webview_patches	loongarch64/lineage-23.2	014f5fc20425f2d1b3657885ddf3f13f0bb096e5	0c68f2f9ecb752e3d8dcd47b7f60e3647cbc8cd0	8f55b51610bd029d31502df45e4384c52484141d
external/compiler-rt	patch	platform/external/compiler-rt	patches/external__compiler-rt	06b41501186433e240c67b74134748e3ef477fc8	a36a1bcac7ec7ac9be29d8b0b5e669d53f7886f7	78e8063754a4dd5b2d42771bb813ecc8187ec818
external/cronet	fork	factfinding/android_external_cronet	loongarch64/lineage-23.2	5d88e4b8e56e1466c1376579495c3bee8e7ce79e	b95a7a2609ef29d08bd4a8a7c65a8269bc9510f5	93f421fcc1aa2d0349c71d37f7f764713f796aec
external/crosvm	patch	platform/external/crosvm	patches/external__crosvm	f2f13d609004ad8a36b9a5828c6c5188bbe7773e	738b7016fc50d6eadc94c8ca28022ad7c21f798d	a52ecbf62748cb6ea8e34e91783c68c60fe46ee6
external/ffmpeg	fork	factfinding/android_external_ffmpeg	loongarch64/lineage-23.2	ef116e690c6ac00c2530a7ac2c8f369269e202da	c5b53ceda3390c614bc10095d31f7be6b29337eb	c3a4c8ff55170935e9708910a53a9ef63cefed18
external/kernel-headers	patch	platform/external/kernel-headers	patches/external__kernel-headers	e2eb2e63649d490360de0f5c3b3513cd12cb537b	2ce289a24f8d30e09fe6c68dc425c97a3b77195d	7b061688e52c15f000e68311e087ecb4a4bb6193
external/libaom	fork	factfinding/android_external_libaom	loongarch64/lineage-23.2	b1bc4304903c78fe18deb1653e500aabae62b658	46f91843bdd0954a8f34d269e43bf6670a17cf87	96d60552bad20e791954b9cb096fc8e3f19d6718
external/libavc	patch	platform/external/libavc	patches/external__libavc	2516c72175e678c9d9713abbe8c40b21dcbfd511	d380d04a78c6c08702e36aca86d0fd4baee390f9	75e37e73f6fafe3f0472367b890cb8cfbcd5c031
external/libdav1d	patch	platform/external/libdav1d	patches/external__libdav1d	843f5deb5834d7c486c4fbfd9c027606e6f9dc3c	0dd0432c832430dc94ec66c67e4e8a3de6e044fa	20445a17b27e29e0e7b1c4095bbec0b034bf959c
external/libhevc	patch	platform/external/libhevc	patches/external__libhevc	40a30e47593b97045027edc569771cbdf13eb246	c83a76b084498d55f252f48b2e3786804cdf24b7	48d86137bb52f6831dd7efb11ab4f05d5e8f6889
external/libffi	patch	platform/external/libffi	patches/external__libffi	0029ba2c4da90c991795ee10c39821994692d4b3	30e76ea6cdd84cbbaa5dd5e5bbfce29538328fb4	bf3c8aaf871326373e97c860828c8d60ad199fcb
external/libjpeg-turbo	patch	platform/external/libjpeg-turbo	patches/external__libjpeg-turbo	1c14e9832b8e4b453302375ab8c36700e0220523	c80d2fe35369cb76ddd34f5aeb9c34d8c9fefa01	6817522bdeacec82b88058fa53a52d88da3aeff9
external/libmpeg2	patch	platform/external/libmpeg2	patches/external__libmpeg2	d2e367c9e433a6d3cda0d8d2906455ccb82d0b85	a97c2a1f0a796dc32bed80d3353c69c5fc07c750	edd2c92962f744967c335918e27b6ac4aa1161b2
external/libpng	fork	factfinding/android_external_libpng	loongarch64/lineage-23.2	6bea69748d0c3e11af2b2801216f5fb35937ac38	40df6f9af8dbc9aebe2974f7dac142e18cec9a3f	49f8efcf79f4bfa3b7229ee5681b779b8d4ac208
external/libvpx	patch	platform/external/libvpx	patches/external__libvpx	1d51cf9bf5300e3b98b9ebd67b55879add980113	f698661427ae51eb06effb1c274b9ad0c1a4fd64	495e3ab90f2e73946efe40414a8ec88105858fb3
external/libyuv	patch	platform/external/libyuv	patches/external__libyuv	e8a3befb2915a556688df67b8859317262f2cf12	c85202187252d49b939f11cf27b344436ecfaa09	e062ac6d7a78850f9a1c67be0a17f108c928a3e1
external/llvm	patch	platform/external/llvm	patches/external__llvm	5e7423eed31445861a9eb40443838f739e965320	abb5b992085afe2781330a292457a340c0280787	432ba63c66a034ce1be832a4cd2efb49fc57dfb2
external/llvm-project	fork	factfinding/external_llvm-project	loongarch64/lineage-23.2	cc769fc078920885b3923f38893ccf0661d7c567	bd650b421a8ba5c785ad6d8a2a64e304c6994e91	7d5be5637edf5255f3d1eb20914704f78ebae295
external/mesa3d	fork	factfinding/android_external_mesa3d	loongarch64/lineage-23.2	3bbcc85b5fc8a12249d519c1111571a89027e95a	1c88fb1f025d6d39bd7384b12aea642fb109af69	8805ce20912e5ffffce226d8bf1eb2aae29f6770
external/minijail	patch	platform/external/minijail	patches/external__minijail	f15d993f14f0e373a91f0bdd473a4865a1b9ff0b	ab6cd0f786481e2deecfe6f8563ae0d2416bd460	3a2f20207b1b47b0d866efa06f09d9e885794a07
external/minigbm	patch	platform/external/minigbm	patches/external__minigbm	722be37992483615bb04a497b9446ac0a2120575	9b85c0b9fd28abfb5f801cb8032621eee9ed3e42	5a7a0dae0bd3116c351bbdfe08b0323dd5009e14
external/pdfium	patch	platform/external/pdfium	patches/external__pdfium	42f41b7d38c888a320685ad9ca650320823ebc64	3500261c5072bb421ddd45ae00f78d1601a11450	954fbae1cd84156253a3cb5680105ab5a10bf9ba
external/python/cpython3	patch	platform/external/python/cpython3	patches/external__python__cpython3	cb4de763a84df339084c5015191180b7868870cb	d21fbafbf128b5518b988cd5ff63c23bdb41cab6	d3170d305d5d64f1def39683b778e567bda38964
external/rust/android-crates-io	fork	factfinding/android_external_rust_android-crates-io	loongarch64/lineage-23.2	75eef5992fa2e7509b9b48ceba65a8732709ce13	a0fe673b5f877fb0caff27afc014ed89a010cb0d	3a1111752342a3277fe9bb69fed103b4de55e838
external/skia	fork	factfinding/platform_external_skia	loongarch64/lineage-23.2	c30f5a02b033ea79035d1bde307b60a2f9aa3131	22f5edb6c1bf350d1d9d67bb429db1a5539f3c05	2537d1053b2613d97f40e3923870189e79c611dc
external/stagefright-plugins	fork	factfinding/android_external_stagefright-plugins	loongarch64/lineage-23.2	57278b3821bec08eb5076be0ecdce6eee42d45b6	1bc14018bd637bdd7f0869edf72cfaec6de10c76	de9c383241be546e88ae697f682e5d1d5a7841bf
external/strace	fork	factfinding/platform_external_strace	loongarch64/lineage-23.2	27ae3e5f5ddbe84b82d6bb739a962eb1aa93f6eb	d16b2abe3c6442ae24c2dc468a1f700c197a5f78	1510032c96815264377dd4bbdb35d4646693f2ee
external/swiftshader	patch	platform/external/swiftshader	patches/external__swiftshader	d398de350866d2dcef11b4d2bed44b30a9347e36	d70203d9df3c70c4fc63fb29325d24e9c12dc43f	f21f9829b3c168bf7104e6af8c402ccd8357cbb3
external/tremolo	patch	platform/external/tremolo	patches/external__tremolo	3ef944c60cf7ead7619259115198a03f4b1df7dc	bda690e46497e1f65c5077173b9c548e6e0cd5a1	a767f1f9ab82efbf2b9bfe2af884dfd8ab6a700c
external/webrtc	patch	platform/external/webrtc	patches/external__webrtc	312cba17c0915cb6582e8c00ea306a96baef5d9c	c3f2a10240357cd13d14364f77ad027205d1b387	f298e4fcc46a49109f5cfefcc541f21b93ef4265
external/zlib	fork	factfinding/platform_external_zlib	loongarch64/lineage-23.2	54987562e76fecb16cdf7e4eae059d2fb345e60b	a6f47e8bd7c1ba412c4b5a3539aa77fe628d0172	594521718856d78f5a197db1898f06748fe20a9b
frameworks/av	fork	factfinding/android_frameworks_av	loongarch64/lineage-23.2	d7addfee0c2ed512b1a07619338e718634a933b9	d92cfd6a292548b40b570476dda13e6c4412e1f2	c6c898e3ed9054f7bc8c06e1dff6f87b64d296d2
frameworks/base	fork	factfinding/android_frameworks_base	loongarch64/lineage-23.2	f79ce4a21cd8c7376891ce8dda690e41057755dd	58e0f87dbbc8e379ba41a1b1c001911ff948ecd3	1bd9243ee4205e0382a85d5903411d39f5dccbda
frameworks/compile/libbcc	patch	platform/frameworks/compile/libbcc	patches/frameworks__compile__libbcc	8d2a32999cf50d0909e5f800995f13ecaab68554	4527d39a3341d40d69bbc9f54ae997a99f8046c3	d3d08e3eae0c50052d041f05e17ebb3e9276e046
frameworks/compile/mclinker	patch	platform/frameworks/compile/mclinker	patches/frameworks__compile__mclinker	882d5b2acecd1e524e5385581becaaad1d80ebcf	22f2506e585270da53cb910f6fda92395f6550c1	eeb045b2af7b2f8a2e488415a5abb91e2efd4b2f
frameworks/libs/binary_translation	fork	factfinding/platform_frameworks_libs_binary_translation	loongarch64/lineage-23.2	3647dbf15a7350f8a289d9bc262534c4870482af	e5ab6a1be847f9490db91789f4a5af9d0dffa58d	d730388346382e8b339f342c080fa606eada87a0
frameworks/libs/native_bridge_support	patch	platform/frameworks/libs/native_bridge_support	patches/frameworks__libs__native_bridge_support	f6541f3d87b6d52703ea889cb1ecdb1ebad3d685	ffd3f17ebbb244c01c274b6f527d016efc393813	81ac8900972507f6830e890c9a38ecc69fc7835f
frameworks/native	fork	factfinding/android_frameworks_native	loongarch64/lineage-23.2	bd8cc0d7391aaa06fad3a48fe4737384d94c11ed	9a9d8be6865c1d6ebd10321375b082314de5ecf6	5efe494b6b618e2e80acfd9e650f09f2a5f4a43c
frameworks/rs	patch	platform/frameworks/rs	patches/frameworks__rs	7012f27c6c955f3080caa903629e71a075d2de4d	87c3574b17ce98f73bf72d7d6b904a00cf8438fd	c93956e8d36141572b664755811110dde605c460
hardware/interfaces	fork	factfinding/android_hardware_interfaces	loongarch64/lineage-23.2	fe90ddbe698db9d5aee41c8ae2a3502dc63d0f89	941911355a5dfcff8ff7fa7d40b8062f4c4593f5	e57749488632439dbf2b78405b6663daddd2e9ff
libcore	patch	platform/libcore	patches/libcore	2d6dbb4740e5619238f907a320e4294ebe585e82	1c599b67bcd3de5c50c79d0622e40b6de99b4cb4	7e2c6d94cb1c987ddd440e56ff491b77ceab3dfe
lineage/scripts	fork	factfinding/scripts	loongarch64/lineage-23.2	a1a940d68170fb22698ef9b42c5ebc2fff5e1c9c	09e0c7be68a91f3cec13ec0c8684c19d8ef11fa2	6ff2a5e92ee058b2e358114c311af2e3108025b8
packages/modules/Bluetooth	fork	factfinding/android_packages_modules_Bluetooth	loongarch64/lineage-23.2	1bbc5eba1ff3d69f2aabe234e81896f7448dd294	58cc83ed8822c658ffbe53f10bb107feeedf3266	ec9c6d1089dc632f5f2c665eb7fd48ad51429261
packages/modules/Connectivity	fork	factfinding/android_packages_modules_Connectivity	loongarch64/lineage-23.2	f460802de29f5e91e9281aa52c140fffc3b3abf8	c9f3e7795256bd4a3f99d02e604e24fd1552c2b3	77d94ff182c387ff2d16caad0e9c8c422e1871f5
packages/modules/NeuralNetworks	patch	platform/packages/modules/NeuralNetworks	patches/packages__modules__NeuralNetworks	c2c9c3e0949f52d628cd350b9c52a417969f7b77	a6875e5d6e976da6cda958b57ed6f5ed69360d6b	a94b6b7145574f5b17b83b2428fcd37169f9bf44
packages/modules/UprobeStats	fork	factfinding/android_packages_modules_UprobeStats	loongarch64/lineage-23.2	58a1e18aeb8a1e14d85eed92a58c5550421dfce1	5625efa2e060adb42105889c0376824572d1190c	c75e9111eca91c4ebaaf4353b9b2c6808655765e
prebuilts/build-tools	patch	platform/prebuilts/build-tools	patches/prebuilts__build-tools	384854c6686e190f67a5fe04e02778549771bac1	412724a805835d89234d67c363f7ada7f5f8a67f	adcd0d54f652e9b69a886b90d7769aaef5dd004e
prebuilts/clang/host/linux-x86	patch	platform/prebuilts/clang/host/linux-x86	patches/prebuilts__clang__host__linux-x86	df329f700c38748f1474a7ea9321f11909ae5edc	9916fb51ccb914d62d35ad9a7b9b21d2ef046928	863b30e2e1957f1fe8a0668ea1a41db85ec93443
prebuilts/rust	artifact	platform/prebuilts/rust	toolchains/rust-1.88	06a4f29f8512c6b77bdce81dd036a3e39954803b	06a4f29f8512c6b77bdce81dd036a3e39954803b	b35251143babdcbe0b863457db0a6bd0cf311d02
prebuilts/vndk/v34	patch	waydroid/android_prebuilts_vndk_v34	patches/prebuilts__vndk__v34	c103320f5d56957a288e14421ca590cfc90b8db7	abe57d2399e143ca59692d2ca47f1e26d6e9802d	067de2edb03385fb24213f1435f9b891b74fa29f
system/core	fork	factfinding/android_system_core	loongarch64/lineage-23.2	68b58fab9a8d61a55ccbb8bcef2892a6e3c0d224	e99d3d82bd3dac2df72cb741e1067b19c38e87c6	f38811260dc5eb09ebe8229df597633a0105bec4
system/extras	fork	factfinding/android_system_extras	loongarch64/lineage-23.2	50afbd6456cd562b9371fac308c7c34f77584e19	52c6bff46ba509eae3ae016e6cd7724d377d5da1	232de2eeb3847b41123168a0091d0c0799c3bac9
system/libbase	patch	platform/system/libbase	patches/system__libbase	1b730f1ee7a0be61fd3e46261f0bb6fd058676c1	bdf0f4db82fae78492c92a55d473aacc4e963e79	68582a5dfb65ca29dc601649c22e306bdbf04ca5
system/memory/libmemunreachable	patch	platform/system/memory/libmemunreachable	patches/system__memory__libmemunreachable	fd74d222e2f0fd869c28363aabd7fd7c9f95d09a	6417a0b4de782746ec1d68ca4b32b515255e6bb2	0da9fd6ad4e76796077f230199505d506ad4ab14
system/nvram	patch	platform/system/nvram	patches/system__nvram	e1e2f297ba9cef728e0120524b69033f5ad37ba6	e21a7a463a55ef9a247a5c2bf62cf12c36a0f5ff	1221cf0130d83c5c32afe72ea6a3660d9638a3b6
system/unwinding	patch	platform/system/unwinding	patches/system__unwinding	0741f899ebceea47dd118c4766c99d316c4311e7	dca355ef5ab1af481f2eb0f249a87ad2e43f9fff	825022e04554c5b73b99201f1a6535e64529da46
vendor/google/proprietary/ndk_translation-prebuilt	patch	WayDroid-ATV/vendor_google_proprietary_ndk_translation-prebuilt	patches/vendor__google__proprietary__ndk_translation-prebuilt	75cfab7f5d09bff2ddabb862e683c2569a51e522	b20e92e2fd542bded04ee1c1d69cbe6e54c1b780	c6edb0a67f81400646e87171c97da021c5d4e476
